{
  "threshold": 1.279060793463471e-08,
  "recall_at_threshold": 1.0,
  "precision_at_threshold": 0.034409184813899145,
  "auc_pr": 0.572064473222476,
  "f1": 0.06652915561667158
}